,"learning_rate=0, pre_days=1","learning_rate=0, pre_days=2"
0,1.1140765817225413,1.1082376517374037
10,0.9382295409401853,0.9298304524066313
