multivariate_0_iteractions,1.2092690638697674
multivariate_10_iteractions,0.8337384230580578
multivariate_20_iteractions,0.7149497223441388
